date,Load,Performance
2015-09-13,143.34,1.583941605839416
2015-09-17,45.6,
2015-09-20,197.62,1.471830985915493
2015-09-23,94.41,
2015-09-26,150.65,1.5611510791366907
2015-10-06,40.61,
2015-10-07,73.46,1.7307692307692308
2015-10-08,88.23,1.6888888888888889
2015-10-10,132.81,1.467153284671533
2015-10-13,48.53,
2015-10-16,61.24,
2015-10-18,141.09,1.4892086330935252
2015-10-20,43.95,
2015-10-21,93.92,1.8507462686567164
2015-10-23,68.75,1.832
2015-10-25,164.35,1.5845070422535212
2015-10-27,57.56,1.7083333333333333
2015-10-28,105.63,1.8591549295774648
2015-10-29,66.96,1.7697841726618706
2015-11-07,155.2,1.6987179487179487
2015-11-08,169.63,1.5205479452054795
2015-11-10,44.14,
2015-11-11,75.73,1.5512820512820513
2015-11-12,38.55,1.4393939393939394
2015-11-14,147.11,1.619047619047619
2015-11-17,90.74,
2015-11-18,53.15,1.4657534246575343
2015-11-19,38.89,
2015-11-21,103.6,1.5555555555555556
2015-11-24,54.43,1.5144927536231885
2015-12-02,77.57,1.6776315789473684
2015-12-05,160.61,1.5033557046979866
2015-12-16,56.98,1.496969696969697
2016-01-14,51.89,1.5666666666666667
2016-01-16,153.76,1.3846153846153846
2016-01-17,197.54,1.5165562913907285
2016-01-19,77.51,1.6344827586206896
2016-01-21,34.62,
2016-01-22,80.04,1.5802469135802468
2016-01-23,344.11,1.3825503355704698
2016-01-24,159.6,1.6923076923076923
2016-01-26,129.51,
2016-01-29,118.12,
2016-01-30,272.91,1.5833333333333333
2016-02-03,47.07,1.6312056737588652
2016-02-05,62.63,
2016-02-07,245.31,1.5182481751824817
2016-02-09,78.94,
2016-02-12,118.51,1.6544117647058822
2016-02-13,264.21,1.5352112676056338
2016-02-14,206.48,1.7591240875912408
2016-02-15,97.72,1.791044776119403
2016-02-18,69.14,1.7894736842105263
2016-02-19,84.06,
2016-02-20,216.99,1.4179104477611941
2016-02-21,305.76,1.6222222222222222
2016-02-25,85.14,1.8489208633093526
2016-02-26,102.07,
2016-02-27,265.68,1.767605633802817
2016-02-28,192.37,1.511111111111111
2016-03-01,102.41,
2016-03-11,106.59,
2016-03-18,50.54,1.3858267716535433
2016-03-19,195.94,1.4109589041095891
2016-03-20,299.07,
2016-03-22,103.4,
2016-03-24,133.29,
2016-03-25,63.16,1.8203125
2016-03-26,179.57,
2016-03-27,323.05,1.6524822695035462
2016-03-28,83.89,
2016-03-29,155.98,
2016-03-31,105.95,
2016-04-01,56.25,
2016-04-02,104.46,1.6715328467153285
2016-04-03,57.88,
2016-04-04,98.38,1.8106060606060606
2016-04-05,108.39,
2016-04-06,108.32,
2016-04-07,159.32,
2016-04-08,33.52,1.4090909090909092
2016-04-09,257.76,
2016-04-10,318.15,1.635036496350365
2016-04-13,171.04,1.6417910447761195
2016-04-14,97.09,
2016-04-15,99.15,
2016-04-18,115.02,1.864
2016-04-19,93.08,1.8028169014084507
2016-04-20,131.5,1.6277372262773722
2016-04-21,127.59,1.542857142857143
2016-04-22,73.82,1.8211920529801324
2016-04-25,49.77,
2016-04-26,133.38,1.7122302158273381
2016-04-27,106.28,1.7857142857142858
2016-04-29,59.48,1.86
2016-05-01,180.08,1.5845070422535212
2016-05-03,68.02,1.4825174825174825
2016-05-04,269.43,1.4836601307189543
2016-05-05,243.4,
2016-05-06,95.65,1.4896551724137932
2016-05-07,120.74,1.4609929078014185
2016-05-08,302.84,1.6413793103448275
2016-05-11,59.06,1.7666666666666666
2016-05-12,84.89,1.575
2016-05-13,66.35,
2016-05-17,134.86,1.6712328767123288
2016-05-18,43.32,
2016-05-19,100.0,1.6
2016-05-20,50.19,
2016-05-21,224.72,1.3877551020408163
2016-05-22,126.56,
2016-05-25,146.14,1.7246376811594204
2016-05-26,65.66,
2016-05-28,48.49,1.5104895104895104
2016-05-29,186.66,1.3986013986013985
2016-05-30,228.33,1.4405594405594406
2016-06-01,121.5,
2016-06-02,119.01,1.6044776119402986
2016-06-04,86.82,1.5886524822695036
2016-06-05,168.81,
2016-06-07,157.3,
2016-06-08,59.69,
2016-06-09,58.0,
2016-06-11,182.73,1.4933333333333334
2016-06-21,46.46,1.1464968152866242
2016-06-23,130.32,1.5033557046979866
2016-06-25,122.0,
2016-06-26,207.89,1.3537414965986394
2016-06-28,141.39,1.6119402985074627
2016-06-30,94.31,1.587837837837838
2016-07-01,87.59,1.653061224489796
2016-07-04,243.38,1.3103448275862069
2016-07-06,67.34,1.6762589928057554
2016-07-07,111.12,1.6126760563380282
2016-07-09,48.97,
2016-07-10,69.97,1.3129251700680271
2016-07-12,97.99,1.4565217391304348
2016-07-13,118.74,1.6571428571428573
2016-07-14,112.07,1.6642857142857144
2016-07-16,237.51,1.49645390070922
2016-07-17,257.34,1.510948905109489
2016-07-20,143.56,
2016-07-22,98.58,1.4236111111111112
2016-07-23,167.25,1.4375
2016-07-24,163.06,1.467153284671533
2016-07-25,105.6,
2016-07-27,125.16,
2016-07-28,148.51,
2016-07-30,116.66,1.4848484848484849
2016-08-02,37.58,1.152542372881356
2016-08-03,129.53,
2016-08-05,135.98,
2016-08-06,87.02,
2016-08-07,211.4,1.536764705882353
2016-08-09,125.81,
2016-08-10,127.75,
2016-08-11,105.11,1.734375
2016-08-13,160.9,
2016-08-14,221.21,1.565217391304348
2016-08-17,165.35,
2016-08-18,118.91,1.6870229007633588
2016-08-26,93.51,1.4676258992805755
2016-08-27,85.43,1.125
2016-08-30,72.94,
2016-09-02,52.1,
2016-09-04,288.76,1.3862068965517242
2016-09-05,98.58,
2016-09-14,64.29,1.31496062992126
2016-09-19,191.01,
2016-10-11,60.37,1.511111111111111
2016-10-21,63.25,1.696
2016-10-27,84.0,
2016-11-05,166.17,1.4198473282442747
2016-11-06,159.82,1.4122137404580153
2016-11-08,81.44,1.8455284552845528
2016-11-10,83.05,1.8285714285714285
2016-11-13,146.83,1.1804511278195489
2016-11-15,92.84,
2016-11-16,81.38,1.7153284671532847
2016-11-19,179.13,1.7883211678832116
2016-11-22,106.87,
2016-11-24,204.39,1.6102941176470589
2016-11-25,105.37,1.8676470588235294
2016-11-30,85.9,
2016-12-01,92.81,1.722972972972973
2016-12-06,63.24,1.7114093959731544
2016-12-13,91.07,1.6666666666666667
2016-12-14,85.19,1.7210884353741496
2016-12-20,61.27,1.6979865771812082
2016-12-21,97.26,
2016-12-24,60.84,1.6346153846153846
2016-12-27,83.76,
2017-01-02,234.06,1.6390977443609023
2017-01-03,58.81,1.7446808510638299
2017-01-11,107.48,
2017-01-12,105.35,
2017-01-15,194.37,1.6917293233082706
2017-01-19,233.5,1.6099290780141844
2017-01-20,229.17,1.6194029850746268
2017-01-21,306.27,1.7313432835820894
2017-01-28,143.03,
2017-01-29,235.77,1.643835616438356
2017-02-01,102.3,
2017-02-04,122.18,
2017-02-05,224.05,1.5142857142857142
2017-02-07,116.18,
2017-02-09,79.99,1.570469798657718
2017-02-10,100.56,
2017-02-11,137.71,
2017-02-12,247.99,1.7424242424242424
2017-02-15,85.73,
2017-02-17,75.88,1.631578947368421
2017-02-18,151.74,
2017-02-19,95.97,1.7619047619047619
2017-02-20,288.48,1.621212121212121
2017-02-26,197.61,1.792857142857143
2017-02-28,86.27,
2017-03-02,97.74,
2017-03-09,76.6,
2017-03-10,130.59,
2017-03-11,160.49,
2017-03-12,173.9,1.7388059701492538
2017-03-15,110.05,
2017-03-16,111.45,1.7062937062937062
2017-03-17,83.72,
2017-03-18,142.85,
2017-03-19,182.86,
2017-03-21,135.0,
2017-03-22,110.74,
2017-03-24,92.03,1.578125
2017-03-25,236.84,
2017-03-27,71.18,1.6715328467153285
2017-04-01,103.75,
2017-04-02,195.67,1.6041666666666667
2017-04-06,76.76,
2017-04-07,75.61,
2017-04-08,284.34,1.4733333333333334
2017-04-09,58.49,1.8403361344537814
2017-04-11,102.46,
2017-04-12,83.64,
2017-04-13,99.65,
2017-04-15,129.17,
2017-04-17,92.05,
2017-04-18,68.26,
2017-04-19,339.38,
2017-04-20,198.87,
2017-04-22,201.71,
2017-04-25,109.34,
2017-04-26,104.42,
2017-04-27,141.02,
2017-04-30,215.5,
2017-05-03,108.94,
2017-05-09,122.33,
2017-05-12,152.41,
2017-05-13,229.95,1.6597222222222223
2017-05-16,70.71,
2017-05-17,145.78,
2017-05-19,134.44,
2017-05-20,200.45,
2017-05-21,251.81,
2017-05-26,127.7,
2017-05-27,150.13,
2017-05-28,57.01,1.462686567164179
2017-05-29,206.91,
2017-06-02,103.38,
2017-06-03,149.18,
2017-06-04,340.54,1.7142857142857142
2017-06-07,99.44,1.8962962962962964
2017-06-09,96.36,
2017-06-10,121.68,
2017-06-11,185.0,1.624113475177305
2017-06-13,110.86,
2017-06-14,98.06,
2017-06-15,133.1,
2017-06-29,96.38,
2017-06-30,93.43,
2017-07-01,105.87,
2017-07-06,47.54,
2017-07-08,307.4,1.6666666666666667
2017-07-09,294.12,1.808
2017-07-11,53.03,1.8376068376068375
2017-07-12,112.27,
2017-07-14,147.9,
2017-07-15,113.11,
2017-07-18,98.99,
2017-07-19,63.7,
2017-07-21,296.29,
2017-07-22,83.14,1.3605442176870748
2017-07-23,221.31,
2017-07-26,117.6,
2017-07-29,145.49,
2017-07-30,197.39,
2017-09-01,95.22,1.5862068965517242
2017-09-02,79.27,1.4315068493150684
2017-09-03,165.19,1.532846715328467
2017-09-06,80.01,
2017-09-07,63.44,
2017-09-08,81.38,
2017-09-13,85.85,1.6453900709219857
2017-09-14,55.45,
2017-09-16,66.23,
2017-10-01,58.9,1.7375886524822695
2017-10-04,69.64,
2017-10-07,99.12,1.5460992907801419
2017-10-10,57.9,
2017-10-13,74.51,
2017-10-14,117.07,1.7342657342657342
2017-10-15,150.16,1.6978417266187051
2017-10-17,69.75,1.75
2017-10-19,77.5,
2017-10-21,191.69,
2017-10-22,140.42,1.4222222222222223
2017-10-24,106.63,1.8043478260869565
2017-10-27,56.66,1.7112676056338028
2017-10-29,120.33,1.6556291390728477
2017-10-31,87.27,1.7481481481481482
2017-11-01,61.76,1.8055555555555556
2017-11-04,108.22,1.6164383561643836
2017-11-05,151.89,1.7737226277372262
2017-11-08,97.4,
2017-11-09,53.14,
2017-11-11,170.39,
2017-11-13,64.3,1.7826086956521738
2017-11-15,129.03,
2017-11-17,92.63,
2017-11-18,209.37,1.7394366197183098
2017-11-19,166.78,1.5895522388059702
2017-11-21,118.19,1.7851851851851852
2017-11-22,142.92,
2017-11-23,194.64,
2017-11-24,169.17,1.7971014492753623
2017-11-25,191.85,
2017-11-28,38.57,
2017-11-30,101.21,
2017-12-01,93.12,
2017-12-02,172.97,1.6524822695035462
2017-12-03,63.7,1.7424242424242424
2017-12-04,68.74,
2017-12-05,73.28,
2017-12-06,97.8,
2017-12-08,61.69,1.669064748201439
2017-12-09,135.27,
2017-12-10,197.14,1.7205882352941178
2017-12-12,63.36,1.753968253968254
2017-12-13,108.94,
2017-12-16,152.95,
2017-12-17,196.37,1.65
2017-12-19,99.44,
2017-12-20,124.18,1.5925925925925926
2017-12-25,60.83,1.823943661971831
2017-12-26,94.65,1.7826086956521738
2017-12-27,59.83,1.7074829931972788
2017-12-28,70.58,
2017-12-29,85.4,1.7364864864864864
2018-01-03,92.67,1.7039473684210527
2018-01-04,69.86,1.638157894736842
2018-01-07,177.35,1.6838235294117647
2018-01-09,64.2,1.6785714285714286
2018-01-10,102.92,
2018-01-11,39.57,1.5396825396825398
2018-01-13,213.02,1.619718309859155
2018-01-14,198.55,1.5673758865248226
2018-01-17,68.5,1.6
2018-01-18,100.83,
2018-01-20,208.76,1.547945205479452
2018-01-24,58.63,1.678082191780822
2018-01-26,91.22,
2018-01-27,157.7,
2018-01-29,51.97,1.7266187050359711
2018-01-31,86.89,
2018-02-02,60.63,1.6241610738255035
2018-02-03,193.57,1.4965517241379311
2018-02-06,127.72,
2018-02-08,100.55,
2018-02-17,178.57,1.5413533834586466
2018-02-18,148.16,1.525925925925926
2018-02-22,101.78,1.7066666666666668
2018-02-23,74.86,1.7651006711409396
2018-02-25,188.42,1.734375
2018-02-27,84.41,
2018-02-28,70.96,1.6986301369863013
2018-03-01,107.47,
2018-03-02,26.26,
2018-03-03,226.14,1.4822695035460993
2018-03-04,168.35,1.6444444444444444
2018-03-06,72.59,1.7638888888888888
2018-03-07,104.93,
2018-03-08,90.41,
2018-03-10,113.0,
2018-03-11,163.05,
2018-03-13,108.6,
2018-03-14,105.38,
2018-03-16,91.89,1.6619718309859155
2018-03-19,96.88,
2018-03-20,92.24,1.6713286713286712
2018-03-22,104.12,
2018-03-23,102.13,1.6870748299319729
2018-03-24,239.15,1.6319444444444444
2018-03-25,226.41,1.628787878787879
2018-03-27,75.37,1.7669172932330828
2018-03-28,99.57,
2018-03-29,94.7,
2018-03-30,33.46,
2018-03-31,281.31,1.589928057553957
2018-04-01,96.58,1.7318840579710144
2018-04-03,68.68,1.7727272727272727
2018-04-04,101.17,
2018-04-05,115.58,
2018-04-07,146.95,
2018-04-08,150.28,1.5639097744360901
2018-04-10,81.02,1.7727272727272727
2018-04-11,64.73,
2018-04-12,282.62,1.5695364238410596
2018-04-13,320.49,
2018-04-14,59.19,
2018-04-15,37.87,
2018-04-16,32.49,1.6347826086956523
2018-04-17,52.94,
2018-04-18,262.95,1.5401459854014599
2018-04-20,124.31,
2018-04-21,107.2,1.2816901408450705
2018-04-22,308.75,1.6417910447761195
2018-04-25,31.86,1.6036036036036037
2018-04-26,66.83,1.8211382113821137
2018-04-27,26.0,
2018-04-28,113.77,1.6865671641791045
2018-04-29,124.17,1.55
2018-05-01,97.63,
2018-05-02,119.52,
2018-05-04,106.05,
2018-05-05,178.7,1.7651515151515151
2018-05-06,228.57,1.6717557251908397
2018-05-07,21.87,1.5145631067961165
2018-05-08,93.26,1.8345864661654134
2018-05-09,121.79,
2018-05-10,23.27,
2018-05-11,120.37,
2018-05-12,90.3,1.8461538461538463
2018-05-13,229.24,1.676923076923077
2018-05-15,72.38,1.8387096774193548
2018-05-16,107.23,
2018-05-17,34.76,1.6434782608695653
2018-05-18,78.83,1.7037037037037037
2018-05-19,62.0,
2018-05-20,233.01,
2018-05-22,124.23,1.6762589928057554
2018-05-23,150.25,1.6911764705882353
2018-05-25,164.96,1.5244755244755244
2018-05-30,81.46,1.7479674796747968
2018-05-31,75.81,1.702290076335878
2018-06-01,33.45,1.4369747899159664
2018-06-02,192.95,1.3985507246376812
2018-06-03,175.64,1.6666666666666667
2018-06-05,101.35,1.7878787878787878
2018-06-06,107.87,1.711111111111111
2018-06-07,108.49,1.702290076335878
2018-06-09,116.96,1.5642857142857143
2018-06-10,223.9,1.5733333333333333
2018-06-12,87.59,1.734375
2018-06-14,138.2,
2018-06-15,71.42,1.64
2018-06-17,88.65,1.894736842105263
2018-06-19,80.71,1.792
2018-06-21,117.79,1.588235294117647
2018-06-22,21.26,1.4074074074074074
2018-06-23,232.59,1.4850746268656716
2018-06-24,323.7,1.637037037037037
2018-06-26,75.57,1.6967213114754098
2018-06-27,26.16,1.490909090909091
2018-06-28,76.35,1.7272727272727273
2018-06-29,220.89999999999998,1.5769230769230769
2018-06-30,143.98000000000002,1.673913043478261
2018-07-03,56.97,1.7685950413223142
2018-07-05,34.32,1.4324324324324325
2018-07-06,65.93,1.5895522388059702
2018-07-07,102.32,1.5902777777777777
2018-07-08,187.26,1.5492957746478873
2018-07-09,34.45,
2018-07-11,157.19,1.7846153846153847
2018-07-12,78.28,1.7886178861788617
2018-07-14,131.27,
2018-07-16,144.24,
2018-07-18,98.64,1.734375
2018-07-19,16.47,
2018-07-20,88.51,1.8181818181818181
2018-07-21,214.7,1.6791044776119404
2018-07-24,117.89,
2018-07-26,122.43,
2018-07-27,62.43,1.662162162162162
2018-07-29,291.11,1.708955223880597
2018-07-30,23.48,
2018-08-01,121.88,
2018-08-02,115.95,1.7709923664122138
2018-08-03,130.17,1.776978417266187
2018-08-04,127.44,1.7164179104477613
2018-08-08,144.03,
2018-08-09,116.97,
2018-08-10,89.07,1.5703703703703704
2018-08-11,47.42,
2018-08-12,258.46,
2018-08-14,127.79,
2018-08-15,132.88,1.8455882352941178
2018-08-17,98.7,
2018-08-18,174.72,
2018-08-19,272.52,1.6744186046511629
2018-08-21,33.98,1.5794392523364487
2018-08-22,69.99,1.8644067796610169
2018-08-23,184.18,
2018-08-24,100.65,2.0
2018-08-27,99.57,1.6758620689655173
2018-08-28,112.15,1.811023622047244
2018-08-29,51.3,1.7457627118644068
2018-08-31,116.9,
2018-09-01,202.16,1.6538461538461537
2018-09-02,340.83,
2018-09-03,87.01,
2018-09-06,97.25,1.992537313432836
2018-09-07,94.01,1.9407407407407407
2018-09-08,152.78,1.686131386861314
2018-09-09,75.62,1.8925619834710743
2018-09-11,118.79,1.6692307692307693
2018-09-12,62.94,1.661764705882353
2018-09-13,66.77,1.7967479674796747
2018-09-15,129.53,
2018-09-16,158.06,1.6666666666666667
2018-09-18,91.36,1.9612403100775193
2018-09-19,142.5,
2018-09-21,47.42,
2018-09-22,165.81,1.748091603053435
2018-09-25,101.55,
2018-09-27,127.96,1.7407407407407407
2018-09-30,134.87,1.9923076923076923
2018-10-01,58.74,1.7313432835820894
2018-10-03,70.0,1.7050359712230216
2018-10-04,104.7,
2018-10-06,103.21,
2018-10-11,73.26,1.9166666666666667
2018-10-13,185.39,1.5602836879432624
2018-10-16,34.94,1.6347826086956523
2018-10-17,71.0,1.8222222222222222
2018-10-18,90.82,1.7112676056338028
2018-10-20,151.73,1.6950354609929077
2018-10-21,94.39,1.8478260869565217
2018-10-25,86.43,1.6875
2018-10-26,93.63,
2018-10-27,180.85,1.588235294117647
2018-10-30,70.99,1.9242424242424243
2018-10-31,91.07,
2018-11-01,75.83,1.7357142857142858
2018-11-04,210.96,1.7605633802816902
2018-11-05,71.47,1.8467153284671534
2018-11-07,99.77,1.9
2018-11-08,89.29,1.8461538461538463
2018-11-10,268.52,1.7642857142857142
2018-11-13,42.47,1.8571428571428572
2018-11-15,88.48,1.6845637583892616
2018-11-16,67.53,1.900709219858156
2018-11-17,121.68,2.051851851851852
2018-11-18,198.88,1.669064748201439
2018-11-19,88.48,1.9015151515151516
2018-11-20,126.62,
2018-11-21,109.44,1.9411764705882353
2018-11-22,173.21,1.855072463768116
2018-11-25,145.94,
2018-11-28,86.14,
2018-12-03,70.58,1.8473282442748091
2018-12-04,74.63,1.7883211678832116
2018-12-06,161.42,
2018-12-07,61.87,
2018-12-08,170.81,1.9574468085106382
2018-12-09,163.39,
2018-12-11,87.47,1.891304347826087
2018-12-12,63.68,
2018-12-13,89.49,1.8962962962962964
2018-12-14,40.04,1.8387096774193548
2018-12-15,180.0,1.673758865248227
2018-12-16,176.75,1.9172932330827068
2018-12-18,91.51,1.9
2018-12-19,96.42,1.9275362318840579
2018-12-21,100.0,1.6853146853146854
2018-12-23,121.86,1.8928571428571428
2018-12-24,95.43,
2018-12-25,113.79,2.007575757575758
2018-12-26,86.95,1.9689922480620154
2018-12-27,133.21,
2018-12-29,132.96,
2018-12-31,116.58,
2019-01-02,103.33,
2019-01-07,173.7,1.9172932330827068
2019-01-08,74.67,1.9782608695652173
2019-01-10,115.06,1.9568345323741008
2019-01-11,87.73,
2019-01-13,209.27,1.7761194029850746
2019-01-15,130.98,
2019-01-17,120.77,1.7318840579710144
2019-01-18,91.76,1.9635036496350364
2019-01-19,211.62,1.7575757575757576
2019-01-20,180.0,1.4960629921259843
2019-01-23,107.42,
2019-01-24,68.34,1.9833333333333334
2019-01-25,70.35,1.8428571428571427
2019-01-26,143.59,1.9130434782608696
2019-01-27,269.31,1.9708029197080292
2019-01-28,21.43,
2019-01-31,72.99,1.9338842975206612
2019-02-01,81.66,1.8592592592592592
2019-02-02,197.16,
2019-02-03,196.57,
2019-02-05,79.36,1.889763779527559
2019-02-06,122.53,
2019-02-07,19.92,
2019-02-08,108.52,
2019-02-09,214.45,
2019-02-10,214.34,1.9682539682539681
2019-02-12,75.1,1.9285714285714286
2019-02-13,147.99,
2019-02-14,72.55,1.873015873015873
2019-02-15,92.29,1.7234042553191489
2019-02-18,128.62,2.015267175572519
2019-02-19,138.43,
2019-02-20,160.03,1.9534883720930232
2019-02-22,91.29,1.8823529411764706
2019-02-23,203.27,
2019-02-24,181.61,1.7238805970149254
2019-02-26,116.84,
2019-02-28,187.52,1.6865671641791045
2019-03-01,97.47,1.8244274809160306
2019-03-02,197.61,
2019-03-03,143.28,2.0393700787401574
2019-03-04,89.64,1.9763779527559056
2019-03-06,55.49,
2019-03-07,124.85,
2019-03-08,103.1,
2019-03-09,271.34,
2019-03-10,137.68,1.7209302325581395
2019-03-12,85.23,1.75
2019-03-13,94.16,
2019-03-14,117.01,
2019-03-15,22.77,
2019-03-16,101.76,1.6901408450704225
2019-03-17,156.6,
2019-03-19,79.49,1.8270676691729324
2019-03-20,49.38,1.6946564885496183
2019-03-21,204.52,1.5564516129032258
2019-03-22,215.24,1.637037037037037
2019-03-23,245.94,1.5846153846153845
2019-03-24,274.09,1.6220472440944882
2019-03-26,20.43,
2019-03-29,42.48,
2019-03-31,162.33,1.55
2019-04-01,105.1,1.6474820143884892
2019-04-02,69.49,1.7246376811594204
2019-04-03,104.5,1.4672131147540983
2019-04-04,320.0,1.627906976744186
2019-04-05,330.0,1.6904761904761905
2019-04-06,85.25999999999999,
2019-04-07,177.45,
2019-04-09,20.0,
2019-04-10,89.82,1.8571428571428572
2019-04-11,38.55,1.4609375
2019-04-12,90.81,1.822695035460993
2019-04-13,194.21,
2019-04-14,136.91,1.5777777777777777
2019-04-15,31.66,1.4873949579831933
2019-04-16,118.87,1.7
2019-04-17,98.93,1.7410071942446044
2019-04-18,56.27,1.7317073170731707
2019-04-19,111.88,1.7573529411764706
2019-04-20,168.09,1.606060606060606
2019-04-21,169.56,1.763779527559055
2019-04-23,67.98,1.8253968253968254
2019-04-24,84.77,1.8796992481203008
2019-04-25,106.53,1.6870229007633588
2019-04-26,27.05,
2019-04-27,118.94,1.8432835820895523
2019-04-28,201.79,1.7238805970149254
2019-04-29,28.38,1.5384615384615385
2019-04-30,95.74,1.7769230769230768
2019-05-01,217.56,1.474074074074074
2019-05-02,235.46,1.5555555555555556
2019-05-04,121.71000000000001,1.547945205479452
2019-05-05,283.9,1.5244755244755244
2019-05-07,20.1,
2019-05-09,129.55,
2019-05-10,68.61,2.4881889763779528
2019-05-11,163.5,1.7238805970149254
2019-05-13,61.49,1.6218487394957983
2019-05-15,75.37,1.7938931297709924
2019-05-16,119.09,1.781954887218045
2019-05-17,95.5,1.728
2019-05-18,93.31,1.676923076923077
2019-05-19,218.62,
2019-05-20,49.93,1.9230769230769231
2019-05-28,69.56,1.8032786885245902
2019-05-29,96.78,1.828358208955224
2019-05-30,103.12,1.7481481481481482
2019-05-31,106.21,1.676056338028169
2019-06-01,163.24,1.686131386861314
2019-06-02,197.07,1.6567164179104477
2019-06-04,62.47,1.7424242424242424
2019-06-06,149.64,1.5664335664335665
2019-06-07,140.49,1.7318840579710144
2019-06-08,232.11,1.5693430656934306
2019-06-09,168.01,1.626865671641791
2019-06-11,87.03,1.7067669172932332
2019-06-12,103.13,1.6344827586206896
2019-06-13,152.26,1.5797101449275361
2019-06-14,120.88,1.6571428571428573
2019-06-15,194.83,
2019-06-16,154.76,1.7633587786259541
2019-06-17,75.68,1.6929133858267718
2019-06-19,51.86,1.565891472868217
2019-06-20,90.32,1.6764705882352942
2019-06-21,113.86,1.7153284671532847
2019-06-22,39.97,
2019-06-23,268.03,1.6888888888888889
2019-06-25,111.09,1.60431654676259
2019-06-26,24.64,1.368421052631579
2019-06-27,100.24,1.635036496350365
2019-06-28,83.15,1.5211267605633803
2019-06-29,241.07,1.4964028776978417
2019-06-30,118.25,1.6434108527131783
2019-07-02,73.31,1.8257575757575757
2019-07-03,360.36,1.625
2019-07-06,85.33,1.856115107913669
2019-07-07,282.53,1.6030534351145038
2019-07-10,81.83,0.9774436090225563
2019-07-11,87.57,1.7388059701492538
2019-07-12,120.0,
2019-07-13,63.91,1.858267716535433
2019-07-17,90.31,1.6027397260273972
2019-07-18,141.6,
2019-07-19,98.21,1.5902777777777777
2019-07-20,218.26,1.7686567164179106
2019-07-21,204.25,1.7328244274809161
2019-07-23,87.89,1.7588652482269505
2019-07-24,138.7,
2019-07-25,77.24,1.717741935483871
2019-07-26,103.91,1.7426470588235294
2019-07-27,55.98,1.3923076923076922
2019-07-30,90.79,1.8503937007874016
2019-07-31,115.65,1.7851851851851852
2019-08-01,109.57,1.6571428571428573
2019-08-02,138.37,1.6194029850746268
2019-08-03,216.48,1.6814814814814816
2019-08-04,141.81,1.5859375
2019-08-06,129.99,1.6645569620253164
2019-08-08,72.85,1.6141732283464567
2019-08-09,114.14,1.6573426573426573
2019-08-10,134.66,
2019-08-11,183.55,1.6796875
2019-08-12,24.62,1.25
2019-08-13,107.86,1.7647058823529411
2019-08-14,116.7,
2019-08-15,84.71,1.7265625
2019-08-16,112.06,1.7037037037037037
2019-08-17,240.99,
2019-08-19,28.97,1.5169491525423728
2019-08-20,68.99,1.819672131147541
2019-08-21,100.39,
2019-08-22,90.51,1.7445255474452555
2019-08-23,91.76,1.7246376811594204
2019-08-24,234.77,1.589928057553957
2019-08-25,68.01,
2019-08-27,74.42,1.8203125
2019-08-28,121.98,1.647887323943662
2019-08-29,72.06,1.6592592592592592
2019-08-30,38.84,1.5671641791044777
2019-08-31,77.85,1.5034482758620689
2019-09-01,237.32,1.404109589041096
2019-09-02,88.99,
2019-09-04,47.07,1.7142857142857142
2019-09-05,84.24,1.6619718309859155
2019-09-06,130.78,
2019-09-07,93.43,1.6343283582089552
2019-09-08,227.23,
2019-09-10,44.33,
2019-09-11,49.93,1.7016129032258065
2019-09-12,121.51,1.6277372262773722
2019-09-13,72.28,1.7401574803149606
2019-09-14,91.55,1.7518796992481203
2019-09-15,132.94,1.6592592592592592
2019-09-18,68.98,2.0223880597014925
2019-09-20,73.12,
2019-09-21,123.19,
2019-09-22,160.34,1.7424242424242424
2019-09-24,62.29,1.7054263565891472
2019-09-25,87.16,1.7372262773722629
2019-09-26,88.99000000000001,1.871212121212121
2019-09-28,188.94,1.930232558139535
2019-09-29,138.95,1.8692307692307693
2019-10-02,81.79,1.8923076923076922
2019-10-03,102.05,1.7173913043478262
2019-10-05,107.19,1.6793893129770991
2019-10-06,155.53,1.7054263565891472
2019-10-09,82.56,1.7265625
2019-10-10,95.68,1.9133858267716535
2019-10-12,178.28,1.6616541353383458
2019-10-14,81.15,1.873015873015873
2019-10-16,82.29,1.5441176470588236
2019-10-18,56.0,1.8257575757575757
2019-10-19,153.76,1.626984126984127
2019-10-22,65.12,1.8125
2019-10-24,44.89,1.8548387096774193
2019-10-25,74.83,
2019-10-26,217.32,1.6766917293233083
2019-10-28,58.43,1.9126984126984128
2019-11-04,90.72,1.91869918699187
2019-11-06,93.86,1.7786259541984732
2019-11-09,167.01,1.5142857142857142
2019-11-10,120.35,1.9296875
2019-11-13,51.8,1.7050359712230216
2019-11-14,120.88,1.9333333333333333
2019-11-16,178.67,1.8076923076923077
2019-11-17,154.75,1.9015151515151516
2019-11-20,113.65,1.624113475177305
2019-11-25,87.2,1.702290076335878
2019-11-26,86.44,1.7131782945736433
2019-11-27,146.62,1.5507246376811594
2019-11-29,92.82,1.6231884057971016
2019-12-01,265.29,
2019-12-04,103.86,1.802919708029197
2019-12-05,161.37,1.7826086956521738
2019-12-06,66.21,1.7518796992481203
2019-12-07,201.9,1.7080291970802919
2019-12-09,128.17,1.9057971014492754
2019-12-10,106.39,1.8134328358208955
2019-12-11,103.53,1.7536231884057971
2019-12-12,135.77,1.7536231884057971
2019-12-14,240.27,1.8299319727891157
2019-12-17,94.0,1.6390977443609023
2019-12-18,109.95,1.6805555555555556
2019-12-20,107.25,1.7801418439716312
2019-12-22,97.49,1.7461538461538462
2019-12-23,58.96,1.7328767123287672
2019-12-24,107.23,1.7801418439716312
2019-12-26,101.73,1.7971014492753623
2019-12-31,104.56,1.8405797101449275
2020-01-01,214.71,1.7777777777777777
2020-01-03,124.78,1.7412587412587412
2020-01-04,226.26,1.5586206896551724
2020-01-07,119.33,1.8840579710144927
2020-01-08,128.57,
2020-01-10,45.49,1.975
2020-01-11,200.78,1.8857142857142857
2020-01-14,139.12,1.7482517482517483
2020-01-15,115.04,1.7906976744186047
2020-01-18,143.89,1.8888888888888888
2020-01-19,275.16,
2020-01-22,129.19,1.7183098591549295
2020-01-23,83.01,1.935251798561151
2020-01-28,78.84,1.626865671641791
2020-01-29,119.54,1.6466666666666667
2020-02-03,118.53,1.962406015037594
2020-02-04,147.34,
2020-02-06,187.75,1.874074074074074
2020-02-09,321.93,1.887218045112782
2020-02-11,122.35,2.015873015873016
2020-02-13,146.63,
2020-02-14,89.95,
2020-02-15,178.01,1.8770491803278688
2020-02-17,183.82,1.9689922480620154
2020-02-19,48.88,1.6048387096774193
2020-02-21,96.68,
2020-02-22,126.04,1.7786259541984732
2020-02-24,125.76,1.878787878787879
2020-02-28,128.53,1.7428571428571429
2020-02-29,258.33,1.5579710144927537
2020-03-03,136.35,
2020-03-04,119.87,1.8208955223880596
2020-03-05,61.98,1.6666666666666667
2020-03-06,85.17,1.5785714285714285
2020-03-08,280.37,1.8449612403100775
2020-03-09,44.75,1.543103448275862
2020-03-10,123.95,1.9477611940298507
2020-03-11,84.68,1.7391304347826086
2020-03-12,161.15,
2020-03-13,95.0,2.0166666666666666
2020-03-14,170.65,
2020-03-15,96.61,1.7377049180327868
2020-03-16,122.5,
2020-03-17,61.76,1.6693548387096775
2020-03-18,105.99,1.7142857142857142
2020-03-19,158.14,2.0387596899224807
2020-03-21,132.35,1.8106060606060606
2020-03-22,173.78,1.8294573643410852
2020-03-23,38.89,1.6902654867256637
2020-03-24,108.37,1.8091603053435115
2020-03-25,149.91,
2020-03-26,73.18,1.8839285714285714
2020-03-27,178.79,
2020-03-28,66.76,2.0086206896551726
2020-03-29,194.1,1.6589147286821706
2020-03-30,34.15,1.864864864864865
2020-03-31,120.69,1.7651515151515151
2020-04-01,150.63,1.7410071942446044
2020-04-02,151.8,
2020-04-03,42.4,1.9565217391304348
2020-04-04,144.12,1.916030534351145
2020-04-05,188.92,1.6428571428571428
2020-04-06,39.0,1.6422018348623852
2020-04-07,123.71,2.0625
2020-04-08,99.71,1.8
2020-04-09,129.56,
2020-04-10,35.57,1.5775862068965518
2020-04-11,212.35,1.6791044776119404
2020-04-12,158.82,
2020-04-13,51.85,1.9433962264150944
2020-04-14,97.92,2.0338983050847457
2020-04-15,163.85,
2020-04-16,95.88,2.051282051282051
2020-04-18,156.01,1.7338129496402879
2020-04-19,216.75,1.792
2020-04-21,71.74,1.8141592920353982
2020-04-22,127.9,1.8372093023255813
2020-04-23,125.6,1.835820895522388
2020-04-24,40.36,1.6607142857142858
2020-04-25,86.81,1.7401574803149606
2020-04-26,240.37,1.856
2020-04-27,35.57,1.5964912280701755
2020-04-28,106.77,1.9179104477611941
2020-04-29,129.94,1.8962962962962964
2020-04-30,124.63,1.635036496350365
2020-05-01,21.13,
2020-05-02,148.97,1.9015151515151516
2020-05-03,253.28,1.765625
2020-05-04,28.17,1.5178571428571428
2020-05-05,117.74,1.873134328358209
2020-05-06,91.61,1.7377049180327868
2020-05-11,42.4,1.8416666666666666
2020-05-12,92.54,1.7063492063492063
2020-05-13,110.77,1.823076923076923
2020-05-14,140.55,1.7218045112781954
2020-05-15,57.0,1.8429752066115703
2020-05-16,272.17,1.751937984496124
2020-05-17,239.1,1.7936507936507937
2020-05-19,30.52,1.5573770491803278
2020-05-20,123.74,1.7407407407407407
2020-05-21,102.95,1.8181818181818181
2020-05-22,45.61,1.7868852459016393
2020-05-23,252.44,1.696969696969697
2020-05-25,183.98,1.8319327731092436
2020-05-26,84.08,1.8017241379310345
2020-05-27,109.7,1.968
2020-05-28,165.97,1.8174603174603174
2020-05-29,173.55,1.71875
2020-05-30,262.01,1.6910569105691058
2020-06-01,104.67,1.7196969696969697
2020-06-02,151.78,
2020-06-03,118.73,1.7890625
2020-06-04,160.98,1.7761194029850746
2020-06-05,198.7,1.7596899224806202
2020-06-06,303.91,1.7142857142857142
2020-06-07,40.33,1.7304347826086957
2020-06-08,68.58,1.859504132231405
2020-06-09,124.9,1.7723577235772359
2020-06-10,41.46,1.781512605042017
2020-06-11,193.39,1.696969696969697
2020-06-12,85.44,1.7603305785123966
2020-06-13,263.52,1.59375
2020-06-15,130.82,1.873015873015873
2020-06-16,110.43,1.7890625
2020-06-17,119.33,1.6666666666666667
2020-06-18,185.79,1.7769230769230768
2020-06-19,91.56,1.7716535433070866
2020-06-20,387.8,1.609375
2020-06-21,36.76,1.712962962962963
2020-06-22,116.82,
2020-06-24,104.96,1.8389830508474576
2020-06-25,179.43,1.5909090909090908
2020-06-26,83.01,1.8867924528301887
2020-06-27,302.41,1.5294117647058822
2020-06-28,61.24,1.8285714285714285
2020-06-29,130.26,1.7666666666666666
2020-06-30,99.87,1.8114754098360655
2020-07-01,100.33,1.75
2020-07-02,148.0,1.7969924812030076
2020-07-03,403.48,1.6
2020-07-05,109.47,1.6612903225806452
2020-07-06,171.92,1.6982758620689655
2020-07-07,115.45,1.7985074626865671
2020-07-08,33.44,1.6972477064220184
2020-07-09,166.82,1.7131782945736433
2020-07-10,122.52,1.7692307692307692
2020-07-11,287.36,1.6129032258064515
2020-07-13,40.86,1.7155172413793103
2020-07-14,125.17,1.8095238095238095
2020-07-15,110.73,1.8308823529411764
2020-07-16,72.89,1.6046511627906976
2020-07-17,108.07,1.8421052631578947
2020-07-18,129.28,1.6564885496183206
2020-07-19,229.06,1.7364341085271318
2020-07-21,105.53,1.776
2020-07-22,102.51,1.7380952380952381
2020-07-23,146.26,1.7578125
2020-07-24,153.31,1.6511627906976745
2020-07-25,151.0,1.736
2020-07-26,95.05,1.991869918699187
2020-07-28,162.91,2.049586776859504
2020-07-29,114.6,1.606060606060606
2020-07-30,105.19,1.6220472440944882
2020-07-31,38.66,1.7627118644067796
2020-08-01,664.65,1.4883720930232558
2020-08-04,112.42,1.6504065040650406
2020-08-07,65.33,1.5925925925925926
2020-08-08,239.49,1.681159420289855
2020-08-10,58.48,1.7355371900826446
2020-08-11,118.38,
2020-08-13,102.37,1.5757575757575757
2020-08-15,106.06,1.6904761904761905
2020-08-16,162.34,1.6323529411764706
2020-08-18,118.5,1.6541353383458646
2020-08-20,151.82,1.5538461538461539
2020-08-21,39.55,1.656
2020-08-22,248.3,1.6259541984732824
2020-08-25,114.97,1.59375
2020-08-27,148.45,1.4962406015037595
2020-08-29,143.95,1.7857142857142858
2020-08-31,86.12,1.8717948717948718
2020-09-02,80.63,1.632
2020-09-03,124.81,1.5038167938931297
2020-09-06,120.47,1.8114754098360655
2020-09-08,122.76,1.8222222222222222
2020-09-10,106.52,1.9834710743801653
2020-09-11,130.93,1.5298507462686568
2020-09-13,309.63,1.401360544217687
2020-09-15,75.4,1.5317460317460319
2020-09-16,87.64,1.7164179104477613
2020-09-18,88.16,1.6993006993006994
2020-09-20,129.44,1.6808510638297873
2020-09-21,66.2,1.5874125874125875
2020-09-22,139.96,1.455223880597015
2020-09-23,111.19,1.6785714285714286
2020-09-25,118.45,1.7518248175182483
2020-09-28,78.73,1.9024390243902438
2020-09-30,74.75,1.896
2020-10-01,105.98,1.6944444444444444
2020-10-03,176.39,1.4338235294117647
2020-10-05,92.96,1.9541984732824427
2020-10-07,73.68,1.6402877697841727
2020-10-08,60.81,1.9064748201438848
2020-10-10,122.31,1.6689655172413793
2020-10-12,100.92,1.872
2020-10-18,135.47,2.0254237288135593
2020-10-19,90.45,1.5886524822695036
2020-10-21,82.27,1.703125
2020-10-22,122.94,2.046511627906977
2020-10-23,72.32,
2020-10-24,119.85,1.8428571428571427
2020-10-29,111.23,1.6594202898550725
2020-10-31,147.52,1.6666666666666667
2021-11-02,64.13,1.8264462809917354
2021-11-03,96.79,1.628787878787879
2021-11-04,107.13,1.5942028985507246
2021-11-05,110.88,1.5298507462686568
2021-11-08,94.65,1.7142857142857142
2021-11-09,71.34,1.6541353383458646
2021-11-10,90.98,1.6515151515151516
2021-11-12,100.94,1.6044776119402986
2021-11-13,195.04,1.5923076923076922
2021-11-14,122.87,1.7
2021-11-15,104.68,1.7404580152671756
2021-11-17,120.77,1.7218045112781954
2021-11-18,92.07,1.7906976744186047
2021-11-20,184.12,1.6893939393939394
2021-11-21,130.7,1.806201550387597
2021-11-22,99.14,1.7786259541984732
2021-11-25,129.19,1.704225352112676
2021-11-26,142.82,1.7878787878787878
2021-11-27,200.0,1.246031746031746
2021-11-29,108.05,1.7518248175182483
2021-12-01,98.06,1.6842105263157894
2021-12-02,126.56,1.6906474820143884
2021-12-03,43.97,1.7222222222222223
2021-12-04,100.87,1.6492537313432836
2021-12-05,184.75,1.8402777777777777
2021-12-07,123.36,1.7122302158273381
2021-12-08,40.82,
2021-12-15,104.21,1.8148148148148149
2021-12-16,60.81,1.763779527559055
2021-12-17,137.4,1.708955223880597
2021-12-19,227.74,1.6865671641791045
2021-12-20,101.98,1.8
2021-12-23,131.38,1.6934306569343065
2021-12-24,97.53,1.7744360902255638
2021-12-26,154.29,1.803030303030303
2021-12-31,26.53,
2022-01-05,97.69,1.8489208633093526
2022-01-06,120.03,1.854014598540146
2022-01-09,62.61,1.7482014388489209
2022-01-16,267.11,1.7279411764705883
2022-01-19,137.21,2.0672268907563027
2022-01-25,115.11,1.888
2022-01-26,109.8,1.8134328358208955
2022-01-28,71.12,1.708955223880597
2022-01-30,144.62,1.7259259259259259
2022-02-01,115.86,1.7801418439716312
2022-02-02,87.41,1.726027397260274
2022-02-04,90.07,1.7734375
2022-02-06,118.78,1.8161764705882353
2022-02-08,131.11,1.7777777777777777
2022-02-10,141.72,1.8686131386861313
2022-02-11,77.99,1.9147286821705427
2022-02-14,165.19,1.96
2022-02-16,73.62,1.8625954198473282
2022-02-17,139.11,1.8394160583941606
2022-02-18,63.67,1.968
2022-02-23,132.28,1.8345864661654134
2022-02-24,127.16,1.9770992366412214
2022-02-25,66.93,1.8790322580645162
2022-02-28,81.64,1.9274193548387097
2022-03-01,112.44,1.6567164179104477
2022-03-03,165.09,1.7878787878787878
2022-03-06,123.5,1.8396946564885497
2022-03-09,174.11,1.8646616541353382
2022-03-12,227.3,1.6564885496183206
2022-03-13,214.61,1.6507936507936507
2022-03-17,137.0,1.871212121212121
2022-03-19,236.71,1.7803030303030303
2022-03-23,186.29,1.7878787878787878
2022-03-24,202.72,1.781954887218045
2022-03-25,269.22,1.6991869918699187
2022-03-29,165.55,1.8345864661654134
2022-03-31,89.96,1.7709923664122138
2022-04-02,169.48,1.7205882352941178
2022-04-03,183.33,1.6893939393939394
2022-04-05,83.86,1.7165354330708662
2022-04-06,127.51,1.7619047619047619
2022-04-07,169.65,1.7185185185185186
2022-04-09,105.89,1.554054054054054
2022-04-10,222.54,1.7348484848484849
2022-04-12,54.25,1.5225225225225225
2022-04-14,142.59,1.7279411764705883
2022-04-15,95.7,1.6766917293233083
2022-04-16,329.89,
2022-04-19,73.35,1.3596491228070176
2022-04-20,199.54,
2022-04-21,285.8,
2022-04-22,58.66,1.7307692307692308
2022-04-23,75.9,
2022-04-24,54.65,1.8524590163934427
2022-04-26,83.27,1.6541353383458646
2022-04-27,253.7,1.6142857142857143
2022-04-28,263.23,
2022-04-29,85.06,1.7285714285714286
2022-04-30,105.22,1.6382978723404256
2022-05-01,306.1,
2022-05-04,52.28,1.8103448275862069
2022-05-05,56.98,1.6610169491525424
2022-05-07,146.18,1.7424242424242424
2022-05-09,124.59,1.7737226277372262
2022-05-10,118.34,1.8951612903225807
2022-05-12,131.77,1.8211382113821137
2022-05-13,141.5,1.6220472440944882
2022-05-15,287.13,1.5777777777777777
2022-05-16,133.72,1.643939393939394
2022-05-18,96.77,1.748091603053435
2022-05-19,136.9,1.635036496350365
2022-05-21,103.9,1.6592592592592592
2022-05-23,156.56,1.606060606060606
2022-05-25,113.92,1.7218045112781954
2022-05-26,171.04000000000002,1.628787878787879
2022-05-27,35.06,1.5476190476190477
2022-05-28,257.6,1.5664335664335665
2022-05-29,146.36,1.59375
2022-06-01,119.33,1.7121212121212122
2022-06-02,74.45,
2022-06-04,528.27,1.6492537313432836
2022-06-06,24.05,
2022-06-07,63.61,1.7209302325581395
2022-06-08,114.1,1.6875
2022-06-09,152.0,1.4661654135338347
2022-06-12,230.21,1.5037037037037038
2022-06-16,160.69,1.7092198581560283
2022-06-17,59.8,1.7007874015748032
2022-06-20,150.78,1.7153284671532847
2022-06-21,145.43,1.821705426356589
2022-06-22,92.13,1.768
2022-06-23,136.27,1.6906474820143884
2022-06-24,253.06,1.584
2022-06-25,100.82,1.8992248062015504
2022-06-29,112.11,1.7984496124031009
2022-06-30,112.43,
2022-07-01,86.4,1.6590909090909092
2022-07-02,134.4,1.7258064516129032
2022-07-04,194.35,1.7674418604651163
2022-07-05,127.18,1.7578125
2022-07-07,131.16,1.7222222222222223
2022-07-09,155.36,1.5546875
2022-07-11,265.04,1.5671641791044777
2022-07-12,113.91,1.5725190839694656
2022-07-13,73.86,1.6218487394957983
2022-07-14,132.73,1.7099236641221374
2022-07-15,78.91,1.6694915254237288
2022-07-17,304.57,1.9846153846153847
2022-07-19,149.45,
2022-07-20,199.47,1.6962962962962962
2022-07-22,141.97,1.6456692913385826
2022-07-25,95.4,1.6277372262773722
2022-07-26,136.21,
2022-07-27,182.81,1.7761194029850746
2022-07-28,66.48,1.6910569105691058
2022-07-30,277.73,1.6058394160583942
2022-08-01,111.4,1.6833333333333333
2022-08-04,117.93,1.6390977443609023
2022-08-05,125.3,1.7716535433070866
2022-08-07,144.03,1.7279411764705883
2022-08-08,117.44,1.568
2022-08-11,170.66,
2022-08-12,163.49,1.5833333333333333
2022-08-17,82.22,1.5357142857142858
2022-08-18,102.41,1.637037037037037
2022-08-20,82.32,1.6384615384615384
2022-08-21,99.03,1.6259541984732824
2022-08-22,112.64,1.6428571428571428
2022-08-23,136.31,1.6402877697841727
2022-08-24,78.14,1.648
2022-08-25,119.54,1.7404580152671756
2022-08-26,110.69,1.712
2022-08-28,131.26,1.7596899224806202
2022-08-31,165.57,1.5379310344827586
2022-09-01,132.7,1.5448275862068965
2022-09-02,77.12,1.556390977443609
2022-09-04,201.05,1.6119402985074627
2022-09-05,138.05,1.6258992805755397
2022-09-07,112.1,1.674074074074074
2022-09-08,143.77,1.6285714285714286
2022-09-09,77.77,1.6859504132231404
2022-09-10,210.71,1.876923076923077
2022-09-12,143.87,1.6571428571428573
2022-09-13,155.45,1.6595744680851063
2022-09-14,131.88,1.8625954198473282
2022-09-16,112.24,1.746031746031746
2022-09-18,319.44,1.5671641791044777
2022-09-19,89.14,1.6434108527131783
2022-09-20,146.45,1.5957446808510638
2022-09-22,122.64,1.7923076923076924
2022-09-23,168.04,1.6423357664233578
2022-09-24,327.88,1.6124031007751938
2022-09-28,106.62,1.6642335766423357
2022-09-29,107.83,1.6906474820143884
2022-10-01,163.72,1.702127659574468
2022-10-04,156.87,
2022-10-05,100.99,1.811023622047244
2022-10-06,118.5,1.8308823529411764
2022-10-07,47.02,1.9137931034482758
2022-10-08,171.48,1.7384615384615385
2022-10-09,91.85,1.7230769230769232
2022-10-10,129.01,
2022-10-13,102.97,1.6046511627906976
2022-10-15,496.37,1.6549295774647887
2022-10-18,57.03,1.6194029850746268
2022-10-21,81.51,1.618705035971223
2022-10-23,196.09,1.802919708029197
2022-10-24,70.48,1.8571428571428572
2022-10-27,115.51,1.702127659574468
2022-10-28,102.33,1.6940298507462686
2022-10-29,126.03,1.7633587786259541
2022-10-31,71.8,1.7218045112781954
2022-11-01,144.37,1.7153284671532847
2022-11-02,95.24,1.71875
2022-11-05,285.75,1.657718120805369
2022-11-07,102.03,1.8015873015873016
2022-11-08,168.89,1.6691176470588236
2022-11-09,53.05,1.6557377049180328
2022-11-11,105.44,1.792
2022-11-13,180.99,1.6717557251908397
2022-11-15,141.22,1.7894736842105263
2022-11-16,126.67,1.8549618320610688
2022-11-17,68.36,1.7769230769230768
2022-11-20,224.95,1.6076923076923078
2022-11-23,179.86,1.6176470588235294
2022-11-27,111.59,1.9262295081967213
2022-11-28,124.85,1.7984496124031009
2022-12-01,135.61,1.875968992248062
2022-12-02,125.43,1.7674418604651163
2022-12-03,141.24,1.6893939393939394
2022-12-05,159.47,1.779527559055118
2022-12-07,134.16,1.65
2022-12-09,199.41,
2022-12-10,189.39,2.1904761904761907
2022-12-13,130.8,1.8870967741935485
2022-12-14,86.98,2.1333333333333333
2022-12-15,142.41,1.856060606060606
2022-12-16,104.06,2.0608695652173914
2022-12-21,134.88,
2022-12-22,156.09,1.8656716417910448
2022-12-24,172.9,
2022-12-25,54.43,
2022-12-26,132.5,
2022-12-28,138.85,
2023-01-01,207.38,1.7293233082706767
2023-01-03,105.48,1.7933884297520661
2023-01-04,168.79,1.7923076923076924
2023-01-07,122.14,1.8359375
2023-01-08,226.58,1.768
2023-01-10,178.85,1.849624060150376
2023-01-11,101.69,1.9393939393939394
2023-01-12,166.35,
2023-01-13,48.14,1.811023622047244
2023-01-18,114.63,
2023-01-21,60.09,1.7265625
2023-01-23,79.25,
2023-01-24,135.99,1.8846153846153846
2023-01-25,138.11,1.7692307692307692
2023-01-27,212.09,1.7410071942446044
2023-01-29,79.23,1.7333333333333334
2023-01-30,122.11,1.8429752066115703
2023-02-02,155.21,1.945736434108527
2023-02-03,125.28,1.6929133858267718
2023-02-05,262.98,1.5140845070422535
2023-02-10,153.41,1.3984962406015038
2023-02-12,173.94,1.6846153846153846
2023-02-14,183.83,1.816793893129771
2023-02-15,70.77,1.9745762711864407
2023-02-16,113.74,1.1323529411764706
2023-02-17,152.64,1.7307692307692308
2023-02-18,98.74,1.6942148760330578
2023-02-19,182.0,1.7407407407407407
2023-02-21,207.38,1.8088235294117647
2023-02-22,140.27,1.901639344262295
2023-02-23,84.27,1.2380952380952381
2023-02-24,63.11,1.3
2023-02-25,154.72,1.6857142857142857
2023-02-27,171.87,1.673913043478261
2023-03-02,186.56,1.0
2023-03-03,212.69,1.7153846153846153
2023-03-04,100.85,1.7874015748031495
2023-03-06,249.73,1.7969924812030076
2023-03-08,188.82,
2023-03-10,286.41,1.6764705882352942
2023-03-11,81.82,1.0083333333333333
2023-03-14,166.78,1.8492063492063493
2023-03-17,183.59,1.7518796992481203
2023-03-19,67.18,1.814516129032258
2023-03-20,88.14,1.664
2023-03-21,83.15,1.6416666666666666
2023-03-22,142.91,1.9848484848484849
2023-03-23,98.22,1.6875
2023-03-24,133.87,1.7265625
2023-03-26,205.16000000000003,1.3705069124423963
2023-03-29,172.49,1.7173913043478262
2023-03-30,211.54,1.6946564885496183
2023-03-31,105.13,1.5798319327731092
2023-04-01,242.45,1.6260162601626016
2023-04-02,212.96,1.5968992248062015
2023-04-04,24.8,
2023-04-05,95.45,1.8790322580645162
2023-04-06,133.16,1.8345864661654134
2023-04-07,96.54,1.856
2023-04-08,184.47,1.7272727272727273
2023-04-09,139.03,1.728
2023-04-11,111.45,1.5
2023-04-12,154.61,1.6788321167883211
2023-04-13,160.71,
2023-04-15,251.26,1.875
2023-04-16,289.84,1.7328244274809161
2023-04-18,34.63,
2023-04-19,113.18,1.671641791044776
2023-04-20,54.6,1.7096774193548387
2023-04-21,137.61,1.7906976744186047
2023-04-23,135.29,1.8307692307692307
2023-04-25,69.86,1.476923076923077
2023-04-26,240.0,1.536
2023-04-27,231.26,1.671641791044776
2023-04-28,101.25,1.6567164179104477
2023-04-29,113.12,1.5448275862068965
2023-04-30,275.93,1.4929577464788732
2023-05-03,115.78,1.7379310344827585
2023-05-04,156.95,
2023-05-05,100.76,1.7950819672131149
2023-05-06,148.1,1.7727272727272727
2023-05-09,128.4,1.7479674796747968
2023-05-10,90.83,1.7966101694915255
2023-05-11,80.74,
2023-05-12,83.94,
2023-05-13,92.85,1.8181818181818181
2023-05-14,351.28,
2023-05-17,87.37,1.689922480620155
2023-05-18,123.88,1.7985074626865671
2023-05-20,149.63,1.8636363636363635
2023-05-22,134.0,
2023-05-23,161.42,1.7692307692307692
2023-05-25,112.37,1.746031746031746
2023-05-26,160.88,1.728
2023-05-27,131.24,1.6492537313432836
2023-05-28,163.09,1.6859504132231404
2023-05-30,158.15,1.7692307692307692
2023-06-01,116.49,1.7761194029850746
2023-06-03,681.09,1.651851851851852
2023-06-10,114.06,1.7328767123287672
2023-06-14,169.3,
2023-06-15,90.97,1.7698412698412698
2023-06-16,119.59,1.713235294117647
2023-06-18,90.3,1.676923076923077
2023-06-19,128.35,1.5142857142857142
2023-06-20,81.24,1.586466165413534
2023-06-21,74.79,1.806201550387597
2023-06-22,132.01,1.7971014492753623
2023-06-23,160.3,
2023-06-24,99.85,1.6771653543307086
2023-06-26,279.79,1.5703703703703704
2023-06-28,145.02,1.6338028169014085
2023-06-29,143.93,1.786259541984733
2023-07-01,322.47,
2023-07-02,134.46,
2023-07-05,130.56,
2023-07-06,153.66,
2023-07-07,77.8,
2023-07-08,307.19,
2023-07-10,110.42,1.7131782945736433
2023-07-11,129.91,1.5460992907801419
2023-07-12,47.05,1.5692307692307692
2023-07-14,205.17,1.707142857142857
2023-07-15,152.99,1.7301587301587302
2023-07-16,223.02,1.621212121212121
2023-07-17,118.8,1.7462686567164178
2023-07-19,188.8,1.7518796992481203
2023-07-20,146.03,1.7218045112781954
2023-07-23,389.97,
2023-07-25,80.51,1.7967479674796747
2023-07-27,71.7,1.8046875
2023-07-28,154.01,1.553030303030303
2023-08-01,116.05,1.8916666666666666
2023-08-02,184.78,1.6594202898550725
2023-08-10,150.74,1.625
2023-08-11,85.53,1.5746268656716418
2023-08-15,143.52,1.673913043478261
2023-08-17,175.06,1.5524475524475525
2023-08-18,102.51,1.6587301587301588
2023-08-20,454.6,1.6546762589928057
2023-08-23,61.59,1.6692307692307693
2023-08-24,151.26,1.583941605839416
2023-08-25,74.12,1.7622950819672132
2023-08-26,174.09,1.6911764705882353
2023-08-27,91.86,1.5546218487394958
2023-08-29,193.02,1.6917293233082706
2023-08-30,80.58,1.653225806451613
2023-08-31,91.78,1.5725190839694656
2023-09-02,176.88,1.5594405594405594
2023-09-04,246.02,1.626865671641791
2023-09-06,91.26,1.814516129032258
2023-09-07,110.3,1.7348484848484849
2023-09-10,288.57,1.685483870967742
2023-09-12,171.54,1.8473282442748091
2023-09-13,100.11,1.7435897435897436
2023-09-14,122.88,1.816532258064516
2023-09-15,227.42,
2023-09-17,362.41,1.7580645161290323
2023-09-18,135.31,1.8031496062992125
2023-09-20,137.07,1.7230769230769232
2023-09-21,171.87,
2023-09-22,85.56,1.6796875
2023-09-24,280.76,1.7936507936507937
2023-09-26,163.1,1.6793893129770991
2023-09-27,95.59,1.7307692307692308
2023-09-29,195.45,
2023-10-01,408.97,1.5384615384615385
2023-10-03,76.61,1.776
2023-10-04,155.66,1.874015748031496
2023-10-05,167.38,
2023-10-12,239.79,
2023-10-13,83.66,1.3934426229508197
2023-10-14,529.87,
2023-10-31,76.38,1.544776119402985
2023-11-03,120.57,1.5757575757575757
2023-11-05,136.56,1.3357664233576643
2023-11-06,90.77,1.697674418604651
2023-11-07,108.13,1.689922480620155
2023-11-09,106.21,1.6470588235294117
2023-11-10,96.95,1.664179104477612
2023-11-11,126.46,1.6618705035971224
2023-11-13,159.84,1.7153284671532847
2023-11-15,45.39,
2023-11-16,176.78,1.7591240875912408
2023-11-17,137.72,1.7829457364341086
2023-11-20,190.57,1.6788321167883211
2023-11-21,172.86,1.72
2023-11-24,151.54,1.72992700729927
2023-11-29,120.75,1.8428571428571427
2023-11-30,103.4,1.8015873015873016
2023-12-03,245.91,1.7067669172932332
2023-12-04,91.83,1.6890756302521008
2023-12-06,191.55,1.7421875
2023-12-08,193.21,1.7703703703703704
2023-12-09,146.77,
2023-12-10,89.29,
2023-12-14,177.03,1.707142857142857
2023-12-15,103.27,1.7716535433070866
2023-12-16,147.09,1.6153846153846154
2023-12-17,221.75,1.6923076923076923
2023-12-19,174.83,1.7557251908396947
2023-12-20,126.8,1.8166666666666667
2023-12-21,168.33,1.7761194029850746
2023-12-23,109.49,0.8705035971223022
2023-12-24,127.19,1.916030534351145
2023-12-27,163.26,1.937984496124031
2023-12-29,138.73,1.9090909090909092
2023-12-31,181.05,1.75
2024-01-02,143.01,1.6453900709219857
2024-01-03,110.59,1.6865671641791045
2024-01-05,143.07,1.7338129496402879
2024-01-06,134.83,1.6793893129770991
2024-01-07,171.77,1.682170542635659
2024-01-09,174.42,1.7185185185185186
2024-01-10,73.36,1.811023622047244
2024-01-11,118.47,1.8467153284671534
2024-01-12,138.55,1.708955223880597
2024-01-14,294.52,1.7557251908396947
2024-01-16,145.72,1.8527131782945736
2024-01-22,103.48,1.7878787878787878
2024-01-23,147.54,1.8195488721804511
2024-01-25,180.0,1.5038167938931297
2024-01-26,63.31,1.7666666666666666
2024-01-27,219.59,1.7709923664122138
2024-01-28,140.52,1.7950819672131149
2024-01-30,200.0,1.2692307692307692
2024-01-31,130.95,1.8360655737704918
2024-02-01,194.87,1.8656716417910448
2024-02-04,149.6,2.0155038759689923
2024-02-06,201.33,
2024-02-07,109.66,1.8837209302325582
2024-02-08,130.72,1.7580645161290323
2024-02-09,183.74,1.9153846153846155
2024-02-13,120.27,1.6615384615384616
2024-02-14,127.52,1.736
2024-02-20,77.9,1.64
2024-02-21,76.17,1.5038167938931297
2024-02-22,91.74,1.75
2024-02-24,183.0,1.786764705882353
2024-02-25,199.83,1.7328244274809161
2024-02-27,86.91,1.8346456692913387
2024-02-28,99.29,1.752
2024-02-29,115.33,1.6417910447761195
2024-03-01,125.31,1.7692307692307692
2024-03-02,179.01,1.7067669172932332
2024-03-04,149.35,1.6590909090909092
2024-03-06,130.1,1.586466165413534
2024-03-08,140.99,1.7984496124031009
2024-03-09,263.65,1.5348837209302326
2024-03-10,227.13,1.5905511811023623
2024-03-13,129.61,1.688
2024-03-15,169.09,1.6888888888888889
2024-03-16,123.51,1.8046875
2024-03-18,99.54,1.689922480620155
2024-03-19,132.47,1.685483870967742
2024-03-21,174.52,1.8760330578512396
2024-03-23,264.46,1.711111111111111
2024-03-27,136.76,1.7681159420289856
2024-03-28,134.31,1.7054263565891472
2024-03-30,85.96,1.3983050847457628
2024-03-31,153.17,
2024-04-02,123.55,1.7099236641221374
2024-04-04,136.33,1.6444444444444444
2024-04-06,185.7,1.6791044776119404
2024-04-07,98.44,1.7235772357723578
2024-04-09,128.9,1.651851851851852
2024-04-10,98.4,1.7560975609756098
2024-04-11,141.97,1.6766917293233083
2024-04-12,138.73,1.7391304347826086
2024-04-14,286.52,1.5357142857142858
2024-04-17,110.35,1.6382978723404256
2024-04-20,170.8,1.7462686567164178
2024-04-23,79.36,1.5255474452554745
2024-04-24,248.31,1.6147540983606556
2024-04-25,231.58,
2024-04-26,99.36,1.6985294117647058
2024-04-28,335.24,
2024-05-01,105.3,1.7903225806451613
2024-05-02,143.16,1.7404580152671756
2024-05-03,100.36,1.7868852459016393
2024-05-05,185.82,1.7647058823529411
2024-05-07,169.44,1.7185185185185186
2024-05-08,142.63,1.8442622950819672
2024-05-14,108.7,1.848
2024-05-15,188.25,1.8478260869565217
2024-05-18,133.71,1.8294573643410852
2024-05-19,348.05,1.7777777777777777
2024-05-29,48.69,1.61864406779661
2024-05-31,84.75,1.728
2024-06-01,610.77,1.72992700729927
2024-06-03,89.14,1.7619047619047619
2024-06-06,131.85,1.8188976377952757
2024-06-09,214.36,1.9047619047619047
2024-06-10,149.72,
2024-06-11,44.02,1.598360655737705
2024-06-14,124.16,1.7557251908396947
2024-06-16,295.65,1.7194244604316546
2024-06-18,152.86,1.8257575757575757
2024-06-19,97.62,1.7734375
2024-06-21,134.93,
2024-06-23,377.91,1.4452054794520548
2024-06-26,173.47,1.6474820143884892
2024-06-28,197.16,1.7518248175182483
2024-07-01,186.96,1.6595744680851063
2024-07-02,94.03,1.7
2024-07-03,129.29,1.7575757575757576
2024-07-08,110.88,1.752
2024-07-10,145.66,1.5845070422535212
2024-07-13,292.28,
2024-07-15,169.41,1.6818181818181819
2024-07-17,154.28,
2024-07-20,122.59,1.651851851851852
2024-07-21,388.28,1.6095890410958904
2024-08-16,138.25,1.4598540145985401
2024-08-17,65.41,1.6194029850746268
2024-08-22,51.88,1.437956204379562
2024-08-29,48.43,1.3098591549295775
2024-08-30,56.94,1.4428571428571428
2024-09-01,82.58,1.5460992907801419
2024-09-03,91.89,1.5
2024-09-04,99.92,1.5957446808510638
2024-09-05,100.57,1.6402877697841727
2024-09-06,105.87,1.5957446808510638
2024-09-08,199.75,1.5845070422535212
2024-09-10,78.02,
2024-09-12,94.69,1.5734265734265733
2024-09-14,125.11,1.6521739130434783
2024-09-15,234.18,1.7293233082706767
2024-09-17,173.71,
2024-09-18,105.22,1.7028985507246377
2024-09-19,155.1,1.6
2024-09-21,135.96,1.6785714285714286
2024-09-23,147.47,
2024-09-25,126.65,1.6783216783216783
2024-09-27,71.58,1.669172932330827
2024-09-28,395.87,1.385135135135135
2024-10-01,110.11,1.7923076923076924
2024-10-02,136.06,1.5517241379310345
2024-10-03,115.02,1.6343283582089552
2024-10-06,284.9,1.5142857142857142
2024-10-08,101.71,1.6870229007633588
2024-10-09,145.27,1.673758865248227
2024-10-10,91.55,1.6434108527131783
2024-10-13,187.17,1.525925925925926
2024-10-15,102.03,1.7238805970149254
2024-10-17,100.14,1.6978417266187051
2024-10-18,162.6,1.6808510638297873
2024-10-20,144.33,1.669172932330827
2024-10-22,110.0,1.6343283582089552
2024-10-23,126.95,1.75177304964539
2024-10-25,129.78,1.7246376811594204
2024-10-28,156.94,1.5931034482758621
2024-11-01,122.61,1.6214285714285714
